user_id,name,email,plan,signup_date,country
U1000,Jaime Mcclain MD,daniel75@example.net,starter,2026-03-10,PK
U1001,Elizabeth Jones,mark48@example.net,free,2025-09-09,AM
U1002,Kenneth Cole,stephen92@example.net,free,2026-02-20,BI
U1003,Kevin Peterson,gary98@example.net,free,2025-06-26,DM
U1004,Eric Smith,johnsondaniel@example.com,starter,2025-09-30,NL
U1005,Michael Navarro,markgreen@example.org,starter,2026-02-16,HN
U1006,Stephen Morgan,bakerjose@example.com,pro,2025-07-26,DZ
U1007,David Duncan,mike99@example.org,free,2026-02-08,PE
U1008,Kelly Weaver,bill84@example.net,free,2025-11-09,LT
U1009,John Murray,navarrojessica@example.net,free,2025-11-11,SD
U1010,Shawn Miller,ahuang@example.org,free,2025-05-12,NR
U1011,Jose Sutton,kirsten56@example.com,starter,2025-11-30,AR
U1012,Paula Rhodes,nathaniel25@example.com,free,2025-08-15,GB
U1013,Lisa Padilla,parrishsean@example.net,free,2025-05-06,NA
U1014,Raymond Morris,jordanstephanie@example.org,starter,2025-06-12,AU
U1015,Paul Haynes,justinbrewer@example.org,starter,2025-08-27,US
U1016,Samantha Wilson,ywhitaker@example.net,free,2025-07-24,DO
U1017,Kirk Barrett,charlesgray@example.com,starter,2025-08-03,SC
U1018,Michelle Fitzgerald,matthewscharles@example.org,pro,2025-06-23,NP
U1019,Elizabeth Jones,usutton@example.org,free,2026-02-14,GM
U1020,Jessica Anderson,pnicholson@example.org,pro,2025-11-10,SZ
U1021,Travis Webb,eric56@example.com,starter,2025-06-16,PH
U1022,Steven Mckenzie,lhuerta@example.org,free,2025-07-25,PY
U1023,Julie Chapman,matthew66@example.net,free,2026-03-04,IR
U1024,Cody Harvey,ana28@example.org,pro,2026-02-26,LI
U1025,Allison Mccormick,orice@example.org,free,2025-05-02,TD
U1026,Michael Kim,ltran@example.org,free,2025-06-15,TN
U1027,Julie Walker,brose@example.net,free,2025-05-04,TM
U1028,Rick Johnson,danieljenkins@example.net,pro,2025-10-24,GA
U1029,Matthew Morris,vbarnett@example.net,starter,2026-02-02,SZ
U1030,Debbie Patrick,courtney65@example.com,pro,2025-11-28,AO
U1031,Robert Norris,amanda00@example.com,starter,2025-06-20,EE
U1032,Michael Barker,danny10@example.net,starter,2025-12-24,RW
U1033,Jasmin Smith,tcarr@example.net,pro,2025-11-08,PA
U1034,Ricky Mendez,williamsheather@example.com,free,2026-01-06,BW
U1035,Brian Ramirez,jackieporter@example.net,starter,2026-02-04,RW
U1036,James Campbell,stephenbowers@example.net,pro,2026-01-29,FR
U1037,Peter Aguilar,smithchristine@example.org,starter,2025-07-05,BE
U1038,Desiree Hall,abigail27@example.net,pro,2025-04-26,RW
U1039,Mallory Richardson,michael15@example.com,starter,2025-10-20,NR
U1040,Kyle Dennis,jonesnoah@example.net,starter,2025-04-27,SD
U1041,Sarah Thompson,pramirez@example.com,free,2025-05-09,VA
U1042,Jessica Blevins,jeffreycollins@example.net,free,2026-02-09,AR
U1043,Joan Webb,rodgersaaron@example.org,free,2025-05-25,SZ
U1044,Anthony Ward,dorisblack@example.com,free,2025-05-23,QA
U1045,Kelly Murray,harmstrong@example.net,free,2026-02-02,PL
U1046,Philip Mitchell,hpowell@example.com,free,2025-12-19,GY
U1047,Alexander Johnson,hgardner@example.com,free,2025-04-27,SZ
U1048,Kaitlyn Allen MD,josephhernandez@example.net,starter,2025-09-28,CD
U1049,Ryan Morgan,stephanie70@example.net,free,2025-06-17,GA
U1050,Matthew Lee,dianephelps@example.net,free,2025-06-04,ES
U1051,Benjamin Crane,danielcharles@example.com,free,2025-07-31,NO
U1052,Nathaniel Murphy,kimberly43@example.org,free,2025-06-28,SB
U1053,Jesus Bolton,kelly30@example.org,pro,2026-02-22,JO
U1054,Michele Sullivan,othomas@example.com,starter,2025-08-28,HR
U1055,Amanda Burns,kleinrachel@example.com,starter,2025-10-18,CR
U1056,Jerry Ramos,zavalajessica@example.org,free,2025-06-26,LK
U1057,Brent Wood,brentmendoza@example.org,starter,2026-01-01,SD
U1058,Nicole Williams,harrisshane@example.com,free,2025-11-09,SV
U1059,Cheryl Larson,racheljackson@example.com,free,2025-07-08,BH
U1060,Carolyn Jones,jennifermccarthy@example.net,pro,2025-11-05,IR
U1061,Timothy Garcia,aarontaylor@example.com,starter,2025-05-10,LB
U1062,Jacob Tran,richjulie@example.net,starter,2026-02-13,MC
U1063,Bryan Stevens,matthew60@example.net,starter,2025-11-21,IQ
U1064,Kimberly Frazier,kimberly26@example.com,pro,2026-02-03,LA
U1065,Sydney Reynolds,bennettjames@example.net,starter,2026-01-21,KP
U1066,Susan Gould,farrelltina@example.net,free,2026-01-29,CG
U1067,Tony Leblanc,damon88@example.org,free,2025-06-26,YE
U1068,Zachary Roach,ccampbell@example.net,free,2025-12-05,US
U1069,Renee Robinson,zimmermangeorge@example.org,free,2026-01-29,MC
U1070,John Hernandez,mcfarlandnatasha@example.org,free,2025-09-13,MX
U1071,Mr. Bryan Sosa,ramirezmegan@example.net,pro,2026-01-07,VA
U1072,David Ward,ctorres@example.net,pro,2025-04-29,AO
U1073,Carolyn Brown,kristabarnett@example.com,free,2025-08-24,TL
U1074,Kelli Ortiz,marybranch@example.net,starter,2025-05-17,RO
U1075,Chris Hart,pachecochristina@example.com,free,2025-06-28,CY
U1076,Megan Martin,lwhite@example.net,pro,2025-05-30,FM
U1077,Mary Cardenas,watsonstacey@example.com,free,2025-10-14,AO
U1078,Heather Chen,kaitlyn60@example.net,free,2026-01-15,BW
U1079,Jenna Price,campbelljonathan@example.net,free,2026-03-10,SY
U1080,Ashley Cunningham,bharrington@example.com,starter,2025-05-28,GT
U1081,Cindy Hansen,wendy92@example.com,free,2025-08-26,DO
U1082,Caleb Woodard,justin28@example.com,starter,2025-07-19,PS
U1083,Tanner Smith,fernandezvictor@example.com,pro,2026-03-08,LY
U1084,Larry Schaefer,cduran@example.org,free,2025-08-23,AF
U1085,Kelsey Smith,davidsonjoy@example.net,free,2025-08-26,BD
U1086,Matthew Sanchez,chelsea02@example.com,pro,2025-12-31,SN
U1087,Christopher Fitzgerald,ntrujillo@example.net,starter,2025-08-22,LI
U1088,Taylor Sanders,qhowell@example.net,free,2026-03-15,FR
U1089,Mason Morales,ovasquez@example.net,free,2025-12-09,MC
U1090,Courtney Nicholson,acowan@example.org,free,2025-10-15,DZ
U1091,Aaron Wilson,cochranmichele@example.org,starter,2025-06-13,IS
U1092,Linda Banks MD,traviskyle@example.org,starter,2026-02-04,JM
U1093,Troy Clayton,smithderrick@example.org,free,2025-11-08,SG
U1094,Richard Sutton,michellesmith@example.net,free,2026-02-01,PT
U1095,David Castro,benjaminanderson@example.org,free,2025-09-19,LI
U1096,Richard Wade,morenoana@example.net,pro,2025-05-25,ZM
U1097,Kelly Stout,jonathanwebb@example.net,starter,2026-03-19,CN
U1098,Zachary Hall,lwilson@example.org,pro,2025-06-12,KR
U1099,Danielle Khan,marilyn27@example.com,pro,2025-10-02,SD
U1100,Megan Riddle,davidaguilar@example.org,free,2025-08-07,MW
U1101,Benjamin Alexander,coxjuan@example.org,starter,2025-10-18,SC
U1102,Nathan Williams,davidsonbradley@example.com,starter,2026-02-03,MT
U1103,Kevin Johnson,christinanguyen@example.com,starter,2025-06-03,DZ
U1104,Leslie Jackson,jerry09@example.net,free,2025-12-28,NG
U1105,Ruth Jacobs,jsantos@example.org,starter,2025-05-18,GE
U1106,David Coleman Jr.,elijah00@example.com,free,2025-07-29,AR
U1107,Adrian Bean,deborahbarron@example.org,free,2025-08-27,AD
U1108,Deborah Oconnor,millsallison@example.com,free,2025-06-29,BS
U1109,Brandon Campos,wrodriguez@example.com,pro,2025-11-29,CU
U1110,Kelly Smith,fmartinez@example.com,pro,2025-12-06,CL
U1111,Larry Wyatt,ygomez@example.com,free,2025-11-28,TJ
U1112,Benjamin Ali,landerson@example.com,starter,2025-05-28,CR
U1113,Crystal Robinson,maryjohnson@example.org,free,2025-04-29,LC
U1114,Diane Watson,smithchristina@example.org,pro,2025-06-05,ES
U1115,Crystal Flores,leslieyoung@example.org,pro,2025-10-06,MA
U1116,Jo Johnson,rrivera@example.org,free,2025-10-04,TT
U1117,Christian Moore,justinalvarez@example.org,starter,2025-05-12,CA
U1118,Linda Miller,mullenamy@example.com,starter,2026-03-21,CD
U1119,Donna Evans,avilaandrew@example.net,free,2026-03-04,CV
U1120,Bobby Underwood,edwin65@example.org,starter,2025-10-14,NE
U1121,Evelyn Barron,tammy58@example.com,starter,2026-01-12,SN
U1122,John Ellis,jmartinez@example.net,starter,2025-12-01,SZ
U1123,Morgan Myers,john94@example.org,starter,2026-02-25,BZ
U1124,Lindsay Sweeney,jeffreyburnett@example.net,free,2025-07-04,TZ
U1125,Ryan Simmons,stonesusan@example.net,free,2025-07-07,MN
U1126,Andrew Powers,gcraig@example.net,free,2025-11-29,LI
U1127,David Pineda,rodneyguerrero@example.net,pro,2025-11-16,TH
U1128,Sierra Reyes,jeffreyhenderson@example.com,pro,2026-03-19,CU
U1129,Dr. Holly Lowe MD,mcclainaaron@example.org,pro,2025-06-23,HR
U1130,Carolyn Williams,boydchad@example.org,free,2025-08-30,JO
U1131,Gregory Murphy,caseytrujillo@example.net,free,2025-10-15,MR
U1132,Andrew Ortiz,marilynsmith@example.net,pro,2025-10-07,LI
U1133,Joe Davis,chavezjacqueline@example.net,pro,2025-08-26,CD
U1134,Cheryl Liu,anthonyali@example.com,free,2025-07-14,CA
U1135,Steven Pollard,craig18@example.com,free,2025-06-10,PK
U1136,Brad Robinson,michael39@example.org,free,2025-05-03,BY
U1137,Elizabeth Thompson,michele20@example.com,starter,2026-02-08,IE
U1138,Jeffrey Wilson,jpaul@example.com,starter,2025-12-07,BB
U1139,Alicia Martinez,julie69@example.com,free,2025-06-30,CF
U1140,Brian Santiago,umartinez@example.net,free,2026-02-14,SO
U1141,Sarah Jackson,donnanavarro@example.net,starter,2026-03-21,MU
U1142,Troy Allison,fmccarthy@example.net,free,2025-11-19,CY
U1143,Jeffrey Mcdaniel,flopez@example.net,pro,2025-07-12,US
U1144,Eric Rivera,cathypetty@example.org,free,2025-12-21,BT
U1145,Donna Avila,jasondavis@example.net,free,2025-06-30,SY
U1146,Dr. John Hernandez,maryclark@example.com,starter,2025-11-26,PG
U1147,Tara Collins,carolyn90@example.com,starter,2026-01-21,LA
U1148,Tammy Barry,qjordan@example.com,free,2025-11-05,ZW
U1149,Jacqueline Bates,mnunez@example.net,free,2025-09-27,CN
U1150,Kelly Jones,cathykelly@example.net,pro,2025-12-30,CH
U1151,Emily Johnson,lynchlaura@example.org,starter,2025-10-01,MY
U1152,Alan Calderon,wattserika@example.com,free,2025-12-03,SE
U1153,Diane King,daltonkimberly@example.org,starter,2025-10-23,CF
U1154,Haley Harper,andrew51@example.org,free,2026-01-22,GN
U1155,Lynn Baldwin,kayleehill@example.org,free,2025-08-08,LV
U1156,Hector Campbell,johnrhodes@example.org,free,2026-01-02,DE
U1157,Cynthia Baker,nfranklin@example.com,starter,2026-02-20,BR
U1158,Sharon Miller,logannewton@example.com,free,2026-03-19,TM
U1159,Nicole Bates,vmejia@example.org,free,2025-07-23,RU
U1160,Sara Rose,salinaskaren@example.net,free,2025-11-10,PH
U1161,Megan Lee,huntlouis@example.com,starter,2025-10-24,TG
U1162,Jason Lara,imason@example.net,free,2025-10-09,GQ
U1163,Parker Conley,juliemills@example.org,pro,2026-03-08,MA
U1164,Holly Olson,dylanharrell@example.com,pro,2026-03-23,GY
U1165,Nicholas James,jade93@example.org,free,2025-05-05,TO
U1166,Crystal Wilkerson,valerieswanson@example.com,free,2025-11-21,GR
U1167,Julie King,ftorres@example.com,starter,2025-10-07,ET
U1168,Gene Johnson,kevin87@example.org,free,2025-08-25,TN
U1169,Jennifer Ford,jasonadams@example.com,free,2025-11-21,LK
U1170,Patricia Oneill,tammy38@example.org,pro,2026-01-03,NO
U1171,Mary Wall,leah39@example.com,starter,2025-12-12,PW
U1172,Eddie Chavez,anthonyjordan@example.com,free,2025-11-18,HR
U1173,Keith Brown,millerjeffrey@example.org,starter,2025-09-24,SI
U1174,Kathleen Perkins,marieolson@example.net,pro,2025-08-19,HR
U1175,Cody Nicholson,darlenejacobs@example.com,free,2026-03-15,BG
U1176,Cassandra Shields,robinsonmichele@example.com,free,2025-12-11,SV
U1177,Mark Hunt,larry06@example.net,free,2025-09-24,GQ
U1178,Brandon Howell,sydneygreen@example.com,free,2025-12-28,GQ
U1179,Charles Davis,william05@example.com,free,2025-11-27,EG
U1180,Bradley Martinez,patrickkennedy@example.com,starter,2025-08-29,SR
U1181,Terri Griffin,martinezsamuel@example.net,starter,2025-06-18,GQ
U1182,Diane Williams,kaitlinpeck@example.org,pro,2025-12-25,SN
U1183,David Bailey,daniel43@example.net,free,2025-05-24,PE
U1184,John Lyons,christian32@example.org,free,2026-01-10,MZ
U1185,Nicholas Robinson,jonesdominic@example.org,free,2026-02-05,PK
U1186,Glenn Kelley II,smorgan@example.org,pro,2025-12-29,BG
U1187,Douglas Ruiz,fgarcia@example.net,free,2026-01-29,KM
U1188,Melanie Moore,jerome05@example.org,free,2025-11-17,UG
U1189,Nancy Lewis,kevin47@example.net,free,2025-07-08,HT
U1190,Donald Odonnell,gwallace@example.org,free,2025-11-28,KE
U1191,Matthew Koch,susanrogers@example.org,free,2025-08-14,BJ
U1192,Phillip Munoz,nblack@example.org,free,2026-01-15,UG
U1193,Omar Shannon,brian83@example.net,pro,2026-03-26,TL
U1194,Rebecca Williams,dannybrown@example.net,free,2025-10-16,ZM
U1195,Lindsey Herman,harrisoneddie@example.org,pro,2025-08-26,UY
U1196,Kristen Thomas,alexis86@example.com,starter,2025-12-04,VC
U1197,Cheryl Navarro,jerry25@example.com,free,2026-03-05,TM
U1198,Stacy Scott DVM,lawrence25@example.com,pro,2025-12-09,TJ
U1199,Gregory Walter,vazquezgarrett@example.net,pro,2025-11-06,NL
U1200,Ryan Andrews,renee03@example.org,pro,2025-12-05,CA
U1201,Jocelyn Ferguson,kathleenhart@example.com,pro,2025-05-21,IN
U1202,Mark Smith,manningmark@example.net,pro,2025-06-29,PE
U1203,Laura Williams,tuckerdaniel@example.org,free,2025-11-18,AZ
U1204,Ricky Baker,kingmichael@example.org,free,2026-02-23,AU
U1205,Cynthia Stewart,twalker@example.org,free,2026-02-14,CL
U1206,Julia Rose,penamercedes@example.org,free,2025-05-12,MX
U1207,Andrew Blankenship,ncarter@example.net,free,2025-05-22,KZ
U1208,Nicholas Stanley,cooleystacy@example.com,free,2025-07-27,TW
U1209,Laurie Jackson,delgadojulie@example.com,pro,2026-03-16,MG
U1210,Diana Walton,donna26@example.net,free,2025-11-17,MV
U1211,Dr. Katherine Allison,wilcoxashley@example.org,starter,2025-07-24,AM
U1212,John Mccann,connie65@example.com,free,2025-05-31,VC
U1213,Kristen Sanders,kelsey71@example.org,free,2025-09-22,ML
U1214,Aimee Lewis,john95@example.org,pro,2025-12-22,IT
U1215,Kathy Thomas,lewisamy@example.net,pro,2025-05-20,VC
U1216,Grace Ward,moralesrachel@example.net,starter,2025-08-06,RS
U1217,Jody Arnold,mariostevenson@example.net,starter,2025-11-23,KW
U1218,Felicia Cox,annguerrero@example.net,free,2025-05-13,ML
U1219,Melanie Gonzalez,lisajoyce@example.org,free,2025-10-18,SC
U1220,Denise Robinson,tdaugherty@example.com,pro,2025-08-14,MV
U1221,Jason Johnson,lisa80@example.org,starter,2025-08-09,AM
U1222,Penny Harvey,anthony02@example.org,starter,2025-07-09,BI
U1223,Laura Payne,bensonjay@example.net,starter,2025-09-05,CG
U1224,Jennifer Rodriguez,matthew04@example.net,free,2025-05-25,AL
U1225,Tracy Nixon,nicolesolis@example.org,starter,2025-08-10,JO
U1226,William Alexander,pdavis@example.net,starter,2025-08-07,IT
U1227,Jennifer Vance,hwalsh@example.com,pro,2026-02-16,LT
U1228,Terrence Miller,lboone@example.org,free,2026-01-12,PA
U1229,Steven Randall,johnsondarius@example.com,pro,2025-07-28,GQ
U1230,Melanie Walker,richardsmichael@example.org,free,2025-05-11,TH
U1231,Lisa Acevedo,fordjeffrey@example.org,free,2025-06-13,SK
U1232,Willie Hampton,jordanchelsea@example.org,starter,2025-10-16,MU
U1233,Lisa Bradley,gibbsmatthew@example.org,starter,2025-06-20,CY
U1234,Heather Bryant,ashley73@example.org,free,2026-01-31,MX
U1235,Adam Giles,mccormickcindy@example.net,free,2025-06-02,MK
U1236,Vincent Wright,gcollier@example.net,pro,2025-11-09,SB
U1237,Kathryn Dean,erin22@example.com,free,2025-11-09,MR
U1238,Kimberly Wilson,michellemcdaniel@example.org,starter,2025-09-03,CN
U1239,Mrs. Veronica Randall,fhenderson@example.org,starter,2026-02-18,CG
U1240,Peggy Harris,morganbrown@example.org,free,2026-03-20,WS
U1241,Chad English,adrian99@example.net,starter,2025-07-04,EE
U1242,Mark Kelly,scottparker@example.com,starter,2025-08-06,LC
U1243,Daniel Rose,kenneth38@example.net,pro,2026-01-22,AR
U1244,Jason Estrada,agriffin@example.org,free,2025-07-06,KE
U1245,Matthew Hurst,goodwinnicholas@example.com,starter,2025-06-18,IQ
U1246,Lori Mcdonald,gwright@example.com,free,2025-10-13,JP
U1247,Joseph Torres,mcurtis@example.com,free,2026-02-28,UZ
U1248,Ryan Mccoy,gabrielleyates@example.org,starter,2025-11-05,SG
U1249,Gregory Prince,tanya83@example.com,free,2025-10-02,SO
U1250,Cameron Warner,ashleysteven@example.org,free,2025-11-15,MR
U1251,Howard Stephens,urobinson@example.net,starter,2025-08-04,SO
U1252,Richard Kelly,tramirez@example.com,free,2025-12-23,CZ
U1253,Peggy Newton,gilmoreann@example.org,free,2026-02-08,VA
U1254,Grant Clark,fhawkins@example.net,pro,2025-06-06,TO
U1255,Brian Wilson,bcampbell@example.org,pro,2025-08-16,LK
U1256,Michael Lewis,hailey92@example.com,free,2025-11-11,QA
U1257,Elizabeth Nixon,wpope@example.net,free,2025-07-31,VU
U1258,Jeremy Smith,webstermichael@example.com,free,2025-11-13,NI
U1259,Megan Pacheco,yowens@example.com,pro,2025-10-05,MM
U1260,Aaron Cruz,michael87@example.org,pro,2026-02-05,SD
U1261,Randall Bartlett,sextonsarah@example.org,pro,2025-09-18,VA
U1262,Heather Brown,joe47@example.net,free,2025-10-26,BI
U1263,Eric Green,tammie90@example.org,free,2025-09-05,GM
U1264,Natalie Martinez,matthewparks@example.com,pro,2025-09-05,ST
U1265,Sharon Parks,paul62@example.org,starter,2025-05-04,SV
U1266,Chelsea Simon,matthewszachary@example.com,starter,2025-09-17,DM
U1267,Jordan Cameron,larry00@example.net,pro,2025-12-07,BJ
U1268,Chad Horton,wwilliams@example.org,starter,2025-07-14,GD
U1269,Nicole Calderon,andrew17@example.com,free,2025-11-06,BO
U1270,Mark Mcintyre,perryhayley@example.net,pro,2026-03-15,DJ
U1271,James Fletcher,davidhernandez@example.com,free,2026-02-02,PW
U1272,Stephanie Cruz,emilywalsh@example.net,starter,2025-07-17,NE
U1273,Kyle Parker,daniel03@example.net,pro,2025-06-26,PT
U1274,Mark Walton,owarren@example.org,free,2026-03-19,CR
U1275,Teresa Bullock,nwood@example.com,free,2025-06-28,MK
U1276,Pamela Stokes,bchase@example.com,free,2025-10-04,BR
U1277,Mark Green,bennettanna@example.com,starter,2026-02-07,BF
U1278,James Scott,maxwellseth@example.com,free,2025-09-24,UY
U1279,Samantha Collins MD,suzanne75@example.com,starter,2025-06-05,AF
U1280,Gail Cox,victorcunningham@example.org,starter,2025-07-10,IN
U1281,Michael Moss,kathyevans@example.org,free,2025-10-16,AF
U1282,Samantha Allison,pamela26@example.com,starter,2025-10-01,SM
U1283,Lori Miller,dayandrea@example.com,free,2026-01-11,CF
U1284,Kendra Love,lauraspence@example.net,free,2025-12-31,KE
U1285,Karen Rice,ddalton@example.org,pro,2025-08-23,AO
U1286,Gary West,allennathan@example.net,pro,2026-03-21,BG
U1287,Bruce Stone,fishertonya@example.net,free,2025-09-30,NO
U1288,Guy Lee,samanthalewis@example.net,free,2026-03-01,LU
U1289,Katie Fischer,jessica12@example.com,free,2025-10-24,LB
U1290,Michael Cummings,william47@example.com,free,2025-12-06,TT
U1291,James Vance,xanderson@example.net,starter,2025-12-10,LU
U1292,Margaret Smith,wsparks@example.net,starter,2025-11-17,PL
U1293,Heather Adams,fwiggins@example.org,free,2025-06-03,LI
U1294,Jason Johnson,roweluis@example.org,starter,2025-08-20,LB
U1295,Dillon Price Jr.,rachelroy@example.com,starter,2025-10-28,BJ
U1296,Kara Garcia,christopher89@example.com,free,2025-09-06,KW
U1297,Lisa Christensen,david94@example.org,free,2025-10-22,NI
U1298,Warren Zimmerman,oliviamorris@example.net,free,2025-12-14,AU
U1299,Alicia Hobbs,danielchambers@example.com,pro,2025-05-30,FI
U1300,Joseph Morris,kellytaylor@example.org,pro,2026-01-17,QA
U1301,Mary Ross,jorozco@example.com,starter,2025-09-15,ME
U1302,Juan Bradley,vanessa44@example.org,pro,2025-12-03,DO
U1303,Danny Smith,torresdiane@example.net,starter,2026-01-19,CO
U1304,Lisa Miller,hulldaniel@example.net,free,2025-12-03,IL
U1305,Susan Newton,katherine90@example.com,free,2025-05-03,MZ
U1306,Theresa Foley,gregg28@example.org,free,2025-11-04,GR
U1307,Amanda Young,averyjoshua@example.org,pro,2025-11-03,CG
U1308,Lisa Elliott,marylee@example.com,starter,2025-05-11,AE
U1309,Megan Atkinson,vgutierrez@example.net,pro,2026-01-26,KG
U1310,Jacqueline Shaw,scarroll@example.net,pro,2025-05-08,FM
U1311,Connie Mendez,oconnelladrian@example.net,free,2025-08-29,PY
U1312,Christopher Moore,bwright@example.org,free,2025-12-29,KH
U1313,Zachary Chang,jon28@example.org,free,2025-05-24,AU
U1314,Diane Coffey,plane@example.net,starter,2026-02-21,TD
U1315,Christopher Mullins,thomaswilliam@example.org,pro,2025-07-07,NE
U1316,Danielle Stanton,timothy28@example.net,free,2026-03-21,PH
U1317,Margaret Golden,johnsondanielle@example.org,starter,2025-05-18,PS
U1318,Mike Walter MD,nathan35@example.org,free,2025-10-27,GM
U1319,Lynn Jones,tonyaholt@example.org,pro,2025-09-06,GR
U1320,Jennifer Lyons,lynnjames@example.com,pro,2026-01-19,SM
U1321,Amber Jackson,chambersalicia@example.org,pro,2026-02-19,LA
U1322,Joshua Jackson,jkirk@example.com,pro,2025-11-29,KM
U1323,Alex Thompson,wilsonstephanie@example.net,pro,2025-10-31,SN
U1324,Austin Miller,barrycline@example.net,free,2025-04-25,PT
U1325,Scott Harrison,cramirez@example.com,starter,2025-08-12,CU
U1326,Mary Salazar,christopher47@example.net,free,2025-06-29,BE
U1327,Melissa Mays,john13@example.net,pro,2025-10-31,CL
U1328,Katherine Chavez,jensenyvette@example.net,pro,2025-06-04,TL
U1329,Kelly Bryant,morrispaul@example.com,pro,2025-10-30,TL
U1330,Jessica Rivera,harmonsusan@example.com,pro,2026-02-03,EE
U1331,Frederick Gonzalez,susanochoa@example.com,free,2026-03-02,TR
U1332,Matthew Pope,craigrichard@example.org,starter,2025-05-05,KI
U1333,Dennis Griffin,nnelson@example.net,free,2025-11-16,SZ
U1334,Kerri Turner,stephanie92@example.net,pro,2025-06-17,NA
U1335,Cindy Daniel,james77@example.net,pro,2026-02-13,CN
U1336,Aaron Matthews,lynn57@example.com,free,2025-11-05,KP
U1337,Heather Rogers,alejandra42@example.com,pro,2025-09-15,KR
U1338,Amy Gilmore,sharonford@example.com,free,2026-02-08,NO
U1339,Pamela Gibson,ronaldmcneil@example.net,free,2025-09-21,CR
U1340,Diane Garcia MD,bill02@example.com,starter,2025-12-25,RO
U1341,Nancy Alexander,sue33@example.net,free,2025-06-13,GM
U1342,Ashley Hill,michaelmcneil@example.net,free,2025-10-31,NE
U1343,Carly Freeman,jarnold@example.com,free,2025-05-15,PS
U1344,Margaret Flores,edwardsjason@example.com,free,2025-10-05,AT
U1345,Brandon Alvarez,gary46@example.com,pro,2026-02-07,GR
U1346,Christopher Grant,hillbrooke@example.com,pro,2025-10-30,HN
U1347,Lisa Malone,erica45@example.com,free,2025-06-25,RO
U1348,Dawn Davis,brittney80@example.org,starter,2025-06-15,SI
U1349,Katherine Zhang,sierra16@example.org,free,2026-02-27,BE
U1350,Adrienne Arias,sydney15@example.com,pro,2025-11-20,NG
U1351,April Garza,hperez@example.org,starter,2025-08-07,GD
U1352,Jamie Hall,halldavid@example.org,pro,2026-02-25,GM
U1353,George Pierce,amanda97@example.com,free,2026-03-21,CO
U1354,James Chambers,kdavis@example.org,pro,2025-08-17,PH
U1355,Jeffrey Poole,samanthahaas@example.net,free,2025-06-22,BT
U1356,Henry Chen,owebb@example.net,pro,2025-08-26,PH
U1357,Wayne Hill,ubell@example.org,free,2025-10-22,RO
U1358,David Ray MD,dcaldwell@example.org,free,2025-09-08,MG
U1359,Diana Porter,chasepeter@example.org,free,2025-06-27,RO
U1360,Randy Williams,williamssheena@example.net,starter,2026-02-15,MR
U1361,Angela Humphrey,staceygarcia@example.net,free,2025-12-16,KN
U1362,Alexander Robinson,shane99@example.net,starter,2026-02-21,GT
U1363,Sean Reese,craiglewis@example.com,starter,2025-11-20,QA
U1364,Julian Garcia,dariusturner@example.net,free,2026-01-13,LS
U1365,Brian Delacruz,ejohnson@example.org,starter,2026-03-06,GN
U1366,Andre Juarez,fmadden@example.org,free,2026-02-07,NI
U1367,Melanie Davis,jane84@example.org,starter,2026-01-09,BH
U1368,Angelica Weber,deanna77@example.com,free,2025-12-01,CR
U1369,Elizabeth Brown,kevinhill@example.org,pro,2025-09-08,CD
U1370,Michael Kirby,smithkevin@example.org,starter,2025-05-12,KM
U1371,Brandon Scott,egilbert@example.net,starter,2025-09-18,KP
U1372,Samuel Short,benjamin31@example.net,starter,2025-09-25,VE
U1373,Robert Griffin,blackgregory@example.com,starter,2025-12-03,ZM
U1374,Jimmy Gilmore,flynch@example.org,free,2026-03-22,RW
U1375,Kathryn Smith,brittanydurham@example.com,free,2025-11-29,AE
U1376,Tracy Baker MD,alejandrohoward@example.net,starter,2025-10-21,GH
U1377,Victor Schultz,morrisrandy@example.net,free,2025-12-11,CY
U1378,John Nguyen,sheppardchristina@example.net,free,2025-11-30,MN
U1379,Dan Baker,sharon93@example.org,pro,2025-05-25,BZ
U1380,Patrick Fritz,ntucker@example.net,starter,2025-07-08,IL
U1381,Patricia Bowman,wrightcorey@example.org,free,2026-03-15,BY
U1382,Emily Brown,stephen22@example.net,free,2025-05-13,BF
U1383,Debbie Sampson,qgates@example.com,free,2025-09-28,BD
U1384,Michael Garza,jacob69@example.net,free,2025-10-24,SK
U1385,Elizabeth Patel,heatherjackson@example.com,free,2025-08-29,TW
U1386,Kurt Anderson,bakercatherine@example.net,free,2025-06-26,KR
U1387,Casey Hunter,lmelendez@example.net,free,2026-01-24,KI
U1388,Jennifer Robinson,tonicollins@example.net,pro,2025-10-13,TR
U1389,Teresa Olson,robbinsjohn@example.org,starter,2025-08-19,NA
U1390,Kyle Ford,aaronjimenez@example.com,pro,2025-10-05,MV
U1391,Elizabeth Riley,nhart@example.com,starter,2026-02-04,BN
U1392,Jesse Patterson,robertwaters@example.org,free,2026-02-01,CM
U1393,Kevin Taylor,carloswilson@example.org,starter,2025-12-25,JP
U1394,Brenda Rice,holly71@example.net,free,2025-09-07,AU
U1395,James Walker,tsmith@example.net,free,2025-12-25,GN
U1396,Dennis Tran,stephen08@example.net,free,2025-05-16,AZ
U1397,Michelle Pena,rray@example.net,starter,2026-02-02,GB
U1398,Phillip Wilson,xadams@example.org,starter,2026-01-22,VE
U1399,Gregory Irwin,duanespence@example.com,free,2025-09-17,PY
U1400,Bradley Anderson,heather63@example.net,free,2026-03-14,ET
U1401,Andre Nunez,ireilly@example.org,free,2025-05-29,AO
U1402,Daniel Mccarty,zbrooks@example.org,free,2025-08-14,FJ
U1403,Chelsea Wright,craigscott@example.com,pro,2025-12-13,CZ
U1404,Christine Lee,diana35@example.net,starter,2026-01-20,IL
U1405,Dwayne Mckenzie,robert77@example.org,free,2026-01-07,SL
U1406,Jennifer Mason,reyeshailey@example.com,free,2026-01-01,MW
U1407,Janice Wheeler,navarrodavid@example.org,starter,2025-06-05,CM
U1408,Hannah Roberts,jerry89@example.net,starter,2025-05-31,MC
U1409,David Jones,smitchell@example.com,free,2025-09-19,TM
U1410,Michael Martin,jennifer04@example.net,pro,2025-09-29,GR
U1411,Kelsey Wright,davidhorton@example.com,starter,2026-02-03,US
U1412,Benjamin Brooks,millerjonathan@example.com,starter,2025-09-10,GT
U1413,Kevin Norman,fturner@example.com,free,2025-07-14,FI
U1414,Michaela Brown,qallen@example.org,free,2026-03-23,HN
U1415,Christopher Smith,eddiecruz@example.com,free,2025-09-13,CM
U1416,Dana Snow,mnunez@example.com,free,2025-11-08,ET
U1417,Andrew Hampton,allisonmartin@example.org,free,2026-01-02,LA
U1418,Tina Waters,dtaylor@example.com,pro,2025-05-20,LK
U1419,William Lyons,raymichael@example.com,free,2025-12-19,VU
U1420,Sean Smith,steven57@example.net,free,2025-06-08,KR
U1421,James Ochoa,ericasutton@example.com,starter,2026-01-22,TZ
U1422,Adrian Herring,bryan88@example.net,free,2025-07-12,LS
U1423,Haley Hudson,elizabeth77@example.com,starter,2025-08-21,PY
U1424,Brandy Mahoney,troymartinez@example.org,free,2025-05-26,GH
U1425,Kent Perez,rebeccabaxter@example.net,free,2026-01-12,DM
U1426,Dr. Jared Gomez MD,kylegalloway@example.org,starter,2026-02-02,SO
U1427,Jennifer Ayala,pgreen@example.com,free,2025-06-10,NG
U1428,Darren Park,roselopez@example.net,starter,2025-08-14,IS
U1429,Dr. Pamela Vargas,kimberlylong@example.net,starter,2025-06-30,ML
U1430,Gary Baker,randall55@example.org,free,2025-12-07,ME
U1431,Terri Ford,fbrown@example.org,free,2026-02-28,VU
U1432,Casey Crane PhD,mariaholland@example.net,free,2025-06-24,KW
U1433,Luis Goodwin,frankcooper@example.com,pro,2025-05-01,IT
U1434,Laura Blair,shannon85@example.org,starter,2026-02-19,FI
U1435,Arthur Smith,danielfarmer@example.com,free,2026-01-14,PW
U1436,Nicole Watts,lori47@example.org,free,2026-03-18,UA
U1437,John Gonzalez,wpaul@example.com,pro,2025-06-09,GM
U1438,Anthony Smith,ysmith@example.com,free,2025-11-25,UZ
U1439,Tricia Russell,christopherdelacruz@example.com,pro,2025-10-09,MT
U1440,Robert Richards,bonillacharles@example.net,starter,2026-03-22,GA
U1441,Joseph Lawrence,erin96@example.com,pro,2025-10-11,KZ
U1442,Emily Conner MD,ywilliams@example.org,starter,2026-03-20,CA
U1443,Aaron Patterson,sherry17@example.com,pro,2026-03-13,UG
U1444,Casey Garcia,zmiller@example.net,pro,2025-06-14,SZ
U1445,Jennifer Schmidt,michaeldavenport@example.org,starter,2025-08-01,DO
U1446,Joshua Maldonado MD,anthony01@example.org,starter,2025-05-14,MG
U1447,James Williams,eanderson@example.org,starter,2025-10-21,KN
U1448,Andrew Moore,romandaniel@example.com,pro,2025-05-17,ZM
U1449,Zachary Huang,dellis@example.com,starter,2025-12-31,SO
U1450,William Woods,masonandrew@example.com,pro,2026-01-12,DK
U1451,Matthew Perez,michaeljensen@example.com,starter,2025-12-20,IN
U1452,Philip Garrett,freyjerome@example.net,free,2026-02-25,CF
U1453,Christopher Thompson,joshua81@example.org,free,2025-06-08,KP
U1454,Michael Bonilla,msmith@example.com,free,2025-06-25,GT
U1455,Kimberly Wilcox,alisha12@example.org,starter,2025-09-05,ES
U1456,Richard Baker,renee08@example.net,starter,2025-08-21,KZ
U1457,Jennifer Bradley,kristinrose@example.com,starter,2026-01-22,JP
U1458,Jill Price,boyercraig@example.net,starter,2025-09-07,MK
U1459,Michael Acevedo,nperez@example.com,free,2025-06-07,KM
U1460,Christopher Garrison,thomas71@example.com,free,2025-10-24,UY
U1461,Susan Roberts DVM,ann54@example.net,free,2025-11-23,EG
U1462,Melody Fitzgerald,kaylalowery@example.net,free,2025-09-22,GN
U1463,Darrell Woodward,melissa49@example.org,free,2026-03-18,PY
U1464,Samantha Ramirez,sarahhuff@example.net,starter,2025-09-29,SV
U1465,Jacob Hill,ssmith@example.org,free,2025-08-27,JM
U1466,Melissa Johnson,tammy12@example.net,free,2025-05-23,CH
U1467,Brandon Jones,aaron91@example.org,starter,2025-08-02,SD
U1468,Jessica Smith,jodi41@example.net,starter,2026-01-29,IQ
U1469,Jeffrey Irwin,cynthia23@example.com,free,2025-09-20,EE
U1470,Debbie Perry,samuel18@example.com,free,2025-06-05,RU
U1471,Kristy Williams,riceaaron@example.com,starter,2025-09-13,MT
U1472,Marco Lutz,ygaines@example.org,free,2025-10-10,GD
U1473,Steven Ellison,wfrey@example.org,free,2025-06-28,LI
U1474,Jerry Velazquez,pateleric@example.net,free,2025-09-26,UY
U1475,Samuel Madden,dwallace@example.net,pro,2025-04-25,CL
U1476,Brandon Archer,charlesevans@example.net,starter,2025-04-30,RS
U1477,Michael Wright,fanthony@example.net,starter,2025-07-07,NR
U1478,Danny Anderson,mitchellsusan@example.com,pro,2025-11-02,DJ
U1479,Bradley Gardner,scott14@example.com,starter,2025-07-15,KG
U1480,Terry Jenkins,christianbrittany@example.org,free,2026-01-10,MZ
U1481,Michelle Hebert,stephaniemorse@example.com,free,2026-03-21,AZ
U1482,Mark Chavez,hrussell@example.org,free,2025-05-08,FI
U1483,Samantha Woodard,thomasoscar@example.org,starter,2025-08-14,CR
U1484,Brittany Kelly,danielking@example.com,pro,2025-05-01,BH
U1485,Jeremy Howell,jwilliams@example.com,pro,2025-04-29,EE
U1486,Troy Anderson,lewislindsey@example.org,free,2025-08-22,BB
U1487,Samantha Hartman,casey69@example.com,starter,2025-08-07,MN
U1488,Michael Terrell,ckeller@example.net,starter,2025-10-15,TZ
U1489,Christina Smith,lori72@example.org,starter,2025-06-11,BE
U1490,Richard Summers,aprilpatel@example.net,free,2025-04-25,SL
U1491,Seth Richardson,nicole63@example.net,free,2025-06-23,CL
U1492,Bryan Tucker,bward@example.com,free,2026-01-21,NE
U1493,Clarence Bailey MD,garciarussell@example.net,free,2025-09-16,VC
U1494,Jonathan Carter,beth34@example.org,free,2025-06-09,TD
U1495,James Mendez,browntroy@example.com,starter,2025-12-23,BT
U1496,Shannon Hendricks,elee@example.com,free,2025-08-18,QA
U1497,Lisa Booth,zorr@example.org,free,2025-05-16,BO
U1498,Maria Baker,irose@example.org,free,2025-11-24,PL
U1499,Nicole Kaiser,gmooney@example.org,free,2026-01-26,GQ
